3500,3501,3502,3503,3504,3505,3506,3507,3508,3509,350A,350B,350C,350D,350E,350F,3510,3511,3512,3513,3514,3515,3516,3517,3518,3519,351A,351B,351C,351D,351E,351F,3522,3523,3524,3525,3526,3527,3528,3529,352A,352B,352C,352D,352E,352F,3530,3531,3532,3533,3534,3535,3536,3537,3538,3539,353A,353B,353C,353D,353E,353F,3540,3541,3544,3545,3546,3547,3548,3549,354A,354B,354C,354D,354E,354F,3550,3551,3552,3553,3554,3555,3556,3557,3558,3559,355A,355B,355C,355D,355E,355F,3560,3561,3562,3563,3566,3567,3568,3569,356A,356B,356C,356D,356E,356F,3570,3571,3572,3573,3574,3575,3576,3577,3578,3579,357A,357B,357C,357D,357E,357F,3580,3581,3582,3583,3584,3585,3588,3589,358A,358B,358C,358D,358E,358F,3590,3591,3592,3593,3594,3595,3596,3597,3598,3599,359A,359B,359C,359D,359E,359F,35A0,35A1,35A2,35A3,35A4,35A5,35A6,35A7
34A7,34A6,34A5,34A4,34A3,34A2,34A1,34A0,349F,349E,349D,349C,349B,349A,3499,3498,3497,3496,3495,3494,3493,3492,3491,3490,348F,348E,348D,348C,348B,348A,3489,3488,3485,3484,3483,3482,3481,3480,347F,347E,347D,347C,347B,347A,3479,3478,3477,3476,3475,3474,3473,3472,3471,3470,346F,346E,346D,346C,346B,346A,3469,3468,3467,3466,3463,3462,3461,3460,345F,345E,345D,345C,345B,345A,3459,3458,3457,3456,3455,3454,3453,3452,3451,3450,344F,344E,344D,344C,344B,344A,3449,3448,3447,3446,3445,3444,3441,3440,343F,343E,343D,343C,343B,343A,3439,3438,3437,3436,3435,3434,3433,3432,3431,3430,342F,342E,342D,342C,342B,342A,3429,3428,3427,3426,3425,3424,3423,3422,341F,341E,341D,341C,341B,341A,3419,3418,3417,3416,3415,3414,3413,3412,3411,3410,340F,340E,340D,340C,340B,340A,3409,3408,3407,3406,3405,3404,3403,3402,3401,3400
3300,3301,3302,3303,3304,3305,3306,3307,3308,3309,330A,330B,330C,330D,330E,330F,3310,3311,3312,3313,3314,3315,3316,3317,3318,3319,331A,331B,331C,331D,331E,331F,3322,3323,3324,3325,3326,3327,3328,3329,332A,332B,332C,332D,332E,332F,3330,3331,3332,3333,3334,3335,3336,3337,3338,3339,333A,333B,333C,333D,333E,333F,3340,3341,3344,3345,3346,3347,3348,3349,334A,334B,334C,334D,334E,334F,3350,3351,3352,3353,3354,3355,3356,3357,3358,3359,335A,335B,335C,335D,335E,335F,3360,3361,3362,3363,3366,3367,3368,3369,336A,336B,336C,336D,336E,336F,3370,3371,3372,3373,3374,3375,3376,3377,3378,3379,337A,337B,337C,337D,337E,337F,3380,3381,3382,3383,3384,3385,3388,3389,338A,338B,338C,338D,338E,338F,3390,3391,3392,3393,3394,3395,3396,3397,3398,3399,339A,339B,339C,339D,339E,339F,33A0,33A1,33A2,33A3,33A4,33A5,33A6,33A7
32A7,32A6,32A5,32A4,32A3,32A2,32A1,32A0,329F,329E,329D,329C,329B,329A,3299,3298,3297,3296,3295,3294,3293,3292,3291,3290,328F,328E,328D,328C,328B,328A,3289,3288,3285,3284,3283,3282,3281,3280,327F,327E,327D,327C,327B,327A,3279,3278,3277,3276,3275,3274,3273,3272,3271,3270,326F,326E,326D,326C,326B,326A,3269,3268,3267,3266,3263,3262,3261,3260,325F,325E,325D,325C,325B,325A,3259,3258,3257,3256,3255,3254,3253,3252,3251,3250,324F,324E,324D,324C,324B,324A,3249,3248,3247,3246,3245,3244,3241,3240,323F,323E,323D,323C,323B,323A,3239,3238,3237,3236,3235,3234,3233,3232,3231,3230,322F,322E,322D,322C,322B,322A,3229,3228,3227,3226,3225,3224,3223,3222,321F,321E,321D,321C,321B,321A,3219,3218,3217,3216,3215,3214,3213,3212,3211,3210,320F,320E,320D,320C,320B,320A,3209,3208,3207,3206,3205,3204,3203,3202,3201,3200
3100,3101,3102,3103,3104,3105,3106,3107,3108,3109,310A,310B,310C,310D,310E,310F,3110,3111,3112,3113,3114,3115,3116,3117,3118,3119,311A,311B,311C,311D,311E,311F,3122,3123,3124,3125,3126,3127,3128,3129,312A,312B,312C,312D,312E,312F,3130,3131,3132,3133,3134,3135,3136,3137,3138,3139,313A,313B,313C,313D,313E,313F,3140,3141,3144,3145,3146,3147,3148,3149,314A,314B,314C,314D,314E,314F,3150,3151,3152,3153,3154,3155,3156,3157,3158,3159,315A,315B,315C,315D,315E,315F,3160,3161,3162,3163,3166,3167,3168,3169,316A,316B,316C,316D,316E,316F,3170,3171,3172,3173,3174,3175,3176,3177,3178,3179,317A,317B,317C,317D,317E,317F,3180,3181,3182,3183,3184,3185,3188,3189,318A,318B,318C,318D,318E,318F,3190,3191,3192,3193,3194,3195,3196,3197,3198,3199,319A,319B,319C,319D,319E,319F,31A0,31A1,31A2,31A3,31A4,31A5,31A6,31A7
30A7,30A6,30A5,30A4,30A3,30A2,30A1,30A0,309F,309E,309D,309C,309B,309A,3099,3098,3097,3096,3095,3094,3093,3092,3091,3090,308F,308E,308D,308C,308B,308A,3089,3088,3085,3084,3083,3082,3081,3080,307F,307E,307D,307C,307B,307A,3079,3078,3077,3076,3075,3074,3073,3072,3071,3070,306F,306E,306D,306C,306B,306A,3069,3068,3067,3066,3063,3062,3061,3060,305F,305E,305D,305C,305B,305A,3059,3058,3057,3056,3055,3054,3053,3052,3051,3050,304F,304E,304D,304C,304B,304A,3049,3048,3047,3046,3045,3044,3041,3040,303F,303E,303D,303C,303B,303A,3039,3038,3037,3036,3035,3034,3033,3032,3031,3030,302F,302E,302D,302C,302B,302A,3029,3028,3027,3026,3025,3024,3023,3022,301F,301E,301D,301C,301B,301A,3019,3018,3017,3016,3015,3014,3013,3012,3011,3010,300F,300E,300D,300C,300B,300A,3009,3008,3007,3006,3005,3004,3003,3002,3001,3000
2F00,2F01,2F02,2F03,2F04,2F05,2F06,2F07,2F08,2F09,2F0A,2F0B,2F0C,2F0D,2F0E,2F0F,2F10,2F11,2F12,2F13,2F14,2F15,2F16,2F17,2F18,2F19,2F1A,2F1B,2F1C,2F1D,2F1E,2F1F,2F22,2F23,2F24,2F25,2F26,2F27,2F28,2F29,2F2A,2F2B,2F2C,2F2D,2F2E,2F2F,2F30,2F31,2F32,2F33,2F34,2F35,2F36,2F37,2F38,2F39,2F3A,2F3B,2F3C,2F3D,2F3E,2F3F,2F40,2F41,2F44,2F45,2F46,2F47,2F48,2F49,2F4A,2F4B,2F4C,2F4D,2F4E,2F4F,2F50,2F51,2F52,2F53,2F54,2F55,2F56,2F57,2F58,2F59,2F5A,2F5B,2F5C,2F5D,2F5E,2F5F,2F60,2F61,2F62,2F63,2F66,2F67,2F68,2F69,2F6A,2F6B,2F6C,2F6D,2F6E,2F6F,2F70,2F71,2F72,2F73,2F74,2F75,2F76,2F77,2F78,2F79,2F7A,2F7B,2F7C,2F7D,2F7E,2F7F,2F80,2F81,2F82,2F83,2F84,2F85,2F88,2F89,2F8A,2F8B,2F8C,2F8D,2F8E,2F8F,2F90,2F91,2F92,2F93,2F94,2F95,2F96,2F97,2F98,2F99,2F9A,2F9B,2F9C,2F9D,2F9E,2F9F,2FA0,2FA1,2FA2,2FA3,2FA4,2FA5,2FA6,2FA7
2EA7,2EA6,2EA5,2EA4,2EA3,2EA2,2EA1,2EA0,2E9F,2E9E,2E9D,2E9C,2E9B,2E9A,2E99,2E98,2E97,2E96,2E95,2E94,2E93,2E92,2E91,2E90,2E8F,2E8E,2E8D,2E8C,2E8B,2E8A,2E89,2E88,2E85,2E84,2E83,2E82,2E81,2E80,2E7F,2E7E,2E7D,2E7C,2E7B,2E7A,2E79,2E78,2E77,2E76,2E75,2E74,2E73,2E72,2E71,2E70,2E6F,2E6E,2E6D,2E6C,2E6B,2E6A,2E69,2E68,2E67,2E66,2E63,2E62,2E61,2E60,2E5F,2E5E,2E5D,2E5C,2E5B,2E5A,2E59,2E58,2E57,2E56,2E55,2E54,2E53,2E52,2E51,2E50,2E4F,2E4E,2E4D,2E4C,2E4B,2E4A,2E49,2E48,2E47,2E46,2E45,2E44,2E41,2E40,2E3F,2E3E,2E3D,2E3C,2E3B,2E3A,2E39,2E38,2E37,2E36,2E35,2E34,2E33,2E32,2E31,2E30,2E2F,2E2E,2E2D,2E2C,2E2B,2E2A,2E29,2E28,2E27,2E26,2E25,2E24,2E23,2E22,2E1F,2E1E,2E1D,2E1C,2E1B,2E1A,2E19,2E18,2E17,2E16,2E15,2E14,2E13,2E12,2E11,2E10,2E0F,2E0E,2E0D,2E0C,2E0B,2E0A,2E09,2E08,2E07,2E06,2E05,2E04,2E03,2E02,2E01,2E00
2D00,2D01,2D02,2D03,2D04,2D05,2D06,2D07,2D08,2D09,2D0A,2D0B,2D0C,2D0D,2D0E,2D0F,2D10,2D11,2D12,2D13,2D14,2D15,2D16,2D17,2D18,2D19,2D1A,2D1B,2D1C,2D1D,2D1E,2D1F,2D22,2D23,2D24,2D25,2D26,2D27,2D28,2D29,2D2A,2D2B,2D2C,2D2D,2D2E,2D2F,2D30,2D31,2D32,2D33,2D34,2D35,2D36,2D37,2D38,2D39,2D3A,2D3B,2D3C,2D3D,2D3E,2D3F,2D40,2D41,2D44,2D45,2D46,2D47,2D48,2D49,2D4A,2D4B,2D4C,2D4D,2D4E,2D4F,2D50,2D51,2D52,2D53,2D54,2D55,2D56,2D57,2D58,2D59,2D5A,2D5B,2D5C,2D5D,2D5E,2D5F,2D60,2D61,2D62,2D63,2D66,2D67,2D68,2D69,2D6A,2D6B,2D6C,2D6D,2D6E,2D6F,2D70,2D71,2D72,2D73,2D74,2D75,2D76,2D77,2D78,2D79,2D7A,2D7B,2D7C,2D7D,2D7E,2D7F,2D80,2D81,2D82,2D83,2D84,2D85,2D88,2D89,2D8A,2D8B,2D8C,2D8D,2D8E,2D8F,2D90,2D91,2D92,2D93,2D94,2D95,2D96,2D97,2D98,2D99,2D9A,2D9B,2D9C,2D9D,2D9E,2D9F,2DA0,2DA1,2DA2,2DA3,2DA4,2DA5,2DA6,2DA7
2CA7,2CA6,2CA5,2CA4,2CA3,2CA2,2CA1,2CA0,2C9F,2C9E,2C9D,2C9C,2C9B,2C9A,2C99,2C98,2C97,2C96,2C95,2C94,2C93,2C92,2C91,2C90,2C8F,2C8E,2C8D,2C8C,2C8B,2C8A,2C89,2C88,2C85,2C84,2C83,2C82,2C81,2C80,2C7F,2C7E,2C7D,2C7C,2C7B,2C7A,2C79,2C78,2C77,2C76,2C75,2C74,2C73,2C72,2C71,2C70,2C6F,2C6E,2C6D,2C6C,2C6B,2C6A,2C69,2C68,2C67,2C66,2C63,2C62,2C61,2C60,2C5F,2C5E,2C5D,2C5C,2C5B,2C5A,2C59,2C58,2C57,2C56,2C55,2C54,2C53,2C52,2C51,2C50,2C4F,2C4E,2C4D,2C4C,2C4B,2C4A,2C49,2C48,2C47,2C46,2C45,2C44,2C41,2C40,2C3F,2C3E,2C3D,2C3C,2C3B,2C3A,2C39,2C38,2C37,2C36,2C35,2C34,2C33,2C32,2C31,2C30,2C2F,2C2E,2C2D,2C2C,2C2B,2C2A,2C29,2C28,2C27,2C26,2C25,2C24,2C23,2C22,2C1F,2C1E,2C1D,2C1C,2C1B,2C1A,2C19,2C18,2C17,2C16,2C15,2C14,2C13,2C12,2C11,2C10,2C0F,2C0E,2C0D,2C0C,2C0B,2C0A,2C09,2C08,2C07,2C06,2C05,2C04,2C03,2C02,2C01,2C00
2B00,2B01,2B02,2B03,2B04,2B05,2B06,2B07,2B08,2B09,2B0A,2B0B,2B0C,2B0D,2B0E,2B0F,2B10,2B11,2B12,2B13,2B14,2B15,2B16,2B17,2B18,2B19,2B1A,2B1B,2B1C,2B1D,2B1E,2B1F,2B22,2B23,2B24,2B25,2B26,2B27,2B28,2B29,2B2A,2B2B,2B2C,2B2D,2B2E,2B2F,2B30,2B31,2B32,2B33,2B34,2B35,2B36,2B37,2B38,2B39,2B3A,2B3B,2B3C,2B3D,2B3E,2B3F,2B40,2B41,2B44,2B45,2B46,2B47,2B48,2B49,2B4A,2B4B,2B4C,2B4D,2B4E,2B4F,2B50,2B51,2B52,2B53,2B54,2B55,2B56,2B57,2B58,2B59,2B5A,2B5B,2B5C,2B5D,2B5E,2B5F,2B60,2B61,2B62,2B63,2B66,2B67,2B68,2B69,2B6A,2B6B,2B6C,2B6D,2B6E,2B6F,2B70,2B71,2B72,2B73,2B74,2B75,2B76,2B77,2B78,2B79,2B7A,2B7B,2B7C,2B7D,2B7E,2B7F,2B80,2B81,2B82,2B83,2B84,2B85,2B88,2B89,2B8A,2B8B,2B8C,2B8D,2B8E,2B8F,2B90,2B91,2B92,2B93,2B94,2B95,2B96,2B97,2B98,2B99,2B9A,2B9B,2B9C,2B9D,2B9E,2B9F,2BA0,2BA1,2BA2,2BA3,2BA4,2BA5,2BA6,2BA7
2AA7,2AA6,2AA5,2AA4,2AA3,2AA2,2AA1,2AA0,2A9F,2A9E,2A9D,2A9C,2A9B,2A9A,2A99,2A98,2A97,2A96,2A95,2A94,2A93,2A92,2A91,2A90,2A8F,2A8E,2A8D,2A8C,2A8B,2A8A,2A89,2A88,2A85,2A84,2A83,2A82,2A81,2A80,2A7F,2A7E,2A7D,2A7C,2A7B,2A7A,2A79,2A78,2A77,2A76,2A75,2A74,2A73,2A72,2A71,2A70,2A6F,2A6E,2A6D,2A6C,2A6B,2A6A,2A69,2A68,2A67,2A66,2A63,2A62,2A61,2A60,2A5F,2A5E,2A5D,2A5C,2A5B,2A5A,2A59,2A58,2A57,2A56,2A55,2A54,2A53,2A52,2A51,2A50,2A4F,2A4E,2A4D,2A4C,2A4B,2A4A,2A49,2A48,2A47,2A46,2A45,2A44,2A41,2A40,2A3F,2A3E,2A3D,2A3C,2A3B,2A3A,2A39,2A38,2A37,2A36,2A35,2A34,2A33,2A32,2A31,2A30,2A2F,2A2E,2A2D,2A2C,2A2B,2A2A,2A29,2A28,2A27,2A26,2A25,2A24,2A23,2A22,2A1F,2A1E,2A1D,2A1C,2A1B,2A1A,2A19,2A18,2A17,2A16,2A15,2A14,2A13,2A12,2A11,2A10,2A0F,2A0E,2A0D,2A0C,2A0B,2A0A,2A09,2A08,2A07,2A06,2A05,2A04,2A03,2A02,2A01,2A00
2900,2901,2902,2903,2904,2905,2906,2907,2908,2909,290A,290B,290C,290D,290E,290F,2910,2911,2912,2913,2914,2915,2916,2917,2918,2919,291A,291B,291C,291D,291E,291F,2922,2923,2924,2925,2926,2927,2928,2929,292A,292B,292C,292D,292E,292F,2930,2931,2932,2933,2934,2935,2936,2937,2938,2939,293A,293B,293C,293D,293E,293F,2940,2941,2944,2945,2946,2947,2948,2949,294A,294B,294C,294D,294E,294F,2950,2951,2952,2953,2954,2955,2956,2957,2958,2959,295A,295B,295C,295D,295E,295F,2960,2961,2962,2963,2966,2967,2968,2969,296A,296B,296C,296D,296E,296F,2970,2971,2972,2973,2974,2975,2976,2977,2978,2979,297A,297B,297C,297D,297E,297F,2980,2981,2982,2983,2984,2985,2988,2989,298A,298B,298C,298D,298E,298F,2990,2991,2992,2993,2994,2995,2996,2997,2998,2999,299A,299B,299C,299D,299E,299F,29A0,29A1,29A2,29A3,29A4,29A5,29A6,29A7
28A7,28A6,28A5,28A4,28A3,28A2,28A1,28A0,289F,289E,289D,289C,289B,289A,2899,2898,2897,2896,2895,2894,2893,2892,2891,2890,288F,288E,288D,288C,288B,288A,2889,2888,2885,2884,2883,2882,2881,2880,287F,287E,287D,287C,287B,287A,2879,2878,2877,2876,2875,2874,2873,2872,2871,2870,286F,286E,286D,286C,286B,286A,2869,2868,2867,2866,2863,2862,2861,2860,285F,285E,285D,285C,285B,285A,2859,2858,2857,2856,2855,2854,2853,2852,2851,2850,284F,284E,284D,284C,284B,284A,2849,2848,2847,2846,2845,2844,2841,2840,283F,283E,283D,283C,283B,283A,2839,2838,2837,2836,2835,2834,2833,2832,2831,2830,282F,282E,282D,282C,282B,282A,2829,2828,2827,2826,2825,2824,2823,2822,281F,281E,281D,281C,281B,281A,2819,2818,2817,2816,2815,2814,2813,2812,2811,2810,280F,280E,280D,280C,280B,280A,2809,2808,2807,2806,2805,2804,2803,2802,2801,2800
2700,2701,2702,2703,2704,2705,2706,2707,2708,2709,270A,270B,270C,270D,270E,270F,2710,2711,2712,2713,2714,2715,2716,2717,2718,2719,271A,271B,271C,271D,271E,271F,2722,2723,2724,2725,2726,2727,2728,2729,272A,272B,272C,272D,272E,272F,2730,2731,2732,2733,2734,2735,2736,2737,2738,2739,273A,273B,273C,273D,273E,273F,2740,2741,2744,2745,2746,2747,2748,2749,274A,274B,274C,274D,274E,274F,2750,2751,2752,2753,2754,2755,2756,2757,2758,2759,275A,275B,275C,275D,275E,275F,2760,2761,2762,2763,2766,2767,2768,2769,276A,276B,276C,276D,276E,276F,2770,2771,2772,2773,2774,2775,2776,2777,2778,2779,277A,277B,277C,277D,277E,277F,2780,2781,2782,2783,2784,2785,2788,2789,278A,278B,278C,278D,278E,278F,2790,2791,2792,2793,2794,2795,2796,2797,2798,2799,279A,279B,279C,279D,279E,279F,27A0,27A1,27A2,27A3,27A4,27A5,27A6,27A7
26A7,26A6,26A5,26A4,26A3,26A2,26A1,26A0,269F,269E,269D,269C,269B,269A,2699,2698,2697,2696,2695,2694,2693,2692,2691,2690,268F,268E,268D,268C,268B,268A,2689,2688,2685,2684,2683,2682,2681,2680,267F,267E,267D,267C,267B,267A,2679,2678,2677,2676,2675,2674,2673,2672,2671,2670,266F,266E,266D,266C,266B,266A,2669,2668,2667,2666,2663,2662,2661,2660,265F,265E,265D,265C,265B,265A,2659,2658,2657,2656,2655,2654,2653,2652,2651,2650,264F,264E,264D,264C,264B,264A,2649,2648,2647,2646,2645,2644,2641,2640,263F,263E,263D,263C,263B,263A,2639,2638,2637,2636,2635,2634,2633,2632,2631,2630,262F,262E,262D,262C,262B,262A,2629,2628,2627,2626,2625,2624,2623,2622,261F,261E,261D,261C,261B,261A,2619,2618,2617,2616,2615,2614,2613,2612,2611,2610,260F,260E,260D,260C,260B,260A,2609,2608,2607,2606,2605,2604,2603,2602,2601,2600
2500,2501,2502,2503,2504,2505,2506,2507,2508,2509,250A,250B,250C,250D,250E,250F,2510,2511,2512,2513,2514,2515,2516,2517,2518,2519,251A,251B,251C,251D,251E,251F,2522,2523,2524,2525,2526,2527,2528,2529,252A,252B,252C,252D,252E,252F,2530,2531,2532,2533,2534,2535,2536,2537,2538,2539,253A,253B,253C,253D,253E,253F,2540,2541,2544,2545,2546,2547,2548,2549,254A,254B,254C,254D,254E,254F,2550,2551,2552,2553,2554,2555,2556,2557,2558,2559,255A,255B,255C,255D,255E,255F,2560,2561,2562,2563,2566,2567,2568,2569,256A,256B,256C,256D,256E,256F,2570,2571,2572,2573,2574,2575,2576,2577,2578,2579,257A,257B,257C,257D,257E,257F,2580,2581,2582,2583,2584,2585,2588,2589,258A,258B,258C,258D,258E,258F,2590,2591,2592,2593,2594,2595,2596,2597,2598,2599,259A,259B,259C,259D,259E,259F,25A0,25A1,25A2,25A3,25A4,25A5,25A6,25A7
24A7,24A6,24A5,24A4,24A3,24A2,24A1,24A0,249F,249E,249D,249C,249B,249A,2499,2498,2497,2496,2495,2494,2493,2492,2491,2490,248F,248E,248D,248C,248B,248A,2489,2488,2485,2484,2483,2482,2481,2480,247F,247E,247D,247C,247B,247A,2479,2478,2477,2476,2475,2474,2473,2472,2471,2470,246F,246E,246D,246C,246B,246A,2469,2468,2467,2466,2463,2462,2461,2460,245F,245E,245D,245C,245B,245A,2459,2458,2457,2456,2455,2454,2453,2452,2451,2450,244F,244E,244D,244C,244B,244A,2449,2448,2447,2446,2445,2444,2441,2440,243F,243E,243D,243C,243B,243A,2439,2438,2437,2436,2435,2434,2433,2432,2431,2430,242F,242E,242D,242C,242B,242A,2429,2428,2427,2426,2425,2424,2423,2422,241F,241E,241D,241C,241B,241A,2419,2418,2417,2416,2415,2414,2413,2412,2411,2410,240F,240E,240D,240C,240B,240A,2409,2408,2407,2406,2405,2404,2403,2402,2401,2400
2300,2301,2302,2303,2304,2305,2306,2307,2308,2309,230A,230B,230C,230D,230E,230F,2310,2311,2312,2313,2314,2315,2316,2317,2318,2319,231A,231B,231C,231D,231E,231F,2322,2323,2324,2325,2326,2327,2328,2329,232A,232B,232C,232D,232E,232F,2330,2331,2332,2333,2334,2335,2336,2337,2338,2339,233A,233B,233C,233D,233E,233F,2340,2341,2344,2345,2346,2347,2348,2349,234A,234B,234C,234D,234E,234F,2350,2351,2352,2353,2354,2355,2356,2357,2358,2359,235A,235B,235C,235D,235E,235F,2360,2361,2362,2363,2366,2367,2368,2369,236A,236B,236C,236D,236E,236F,2370,2371,2372,2373,2374,2375,2376,2377,2378,2379,237A,237B,237C,237D,237E,237F,2380,2381,2382,2383,2384,2385,2388,2389,238A,238B,238C,238D,238E,238F,2390,2391,2392,2393,2394,2395,2396,2397,2398,2399,239A,239B,239C,239D,239E,239F,23A0,23A1,23A2,23A3,23A4,23A5,23A6,23A7
22A7,22A6,22A5,22A4,22A3,22A2,22A1,22A0,229F,229E,229D,229C,229B,229A,2299,2298,2297,2296,2295,2294,2293,2292,2291,2290,228F,228E,228D,228C,228B,228A,2289,2288,2285,2284,2283,2282,2281,2280,227F,227E,227D,227C,227B,227A,2279,2278,2277,2276,2275,2274,2273,2272,2271,2270,226F,226E,226D,226C,226B,226A,2269,2268,2267,2266,2263,2262,2261,2260,225F,225E,225D,225C,225B,225A,2259,2258,2257,2256,2255,2254,2253,2252,2251,2250,224F,224E,224D,224C,224B,224A,2249,2248,2247,2246,2245,2244,2241,2240,223F,223E,223D,223C,223B,223A,2239,2238,2237,2236,2235,2234,2233,2232,2231,2230,222F,222E,222D,222C,222B,222A,2229,2228,2227,2226,2225,2224,2223,2222,221F,221E,221D,221C,221B,221A,2219,2218,2217,2216,2215,2214,2213,2212,2211,2210,220F,220E,220D,220C,220B,220A,2209,2208,2207,2206,2205,2204,2203,2202,2201,2200
2100,2101,2102,2103,2104,2105,2106,2107,2108,2109,210A,210B,210C,210D,210E,210F,2110,2111,2112,2113,2114,2115,2116,2117,2118,2119,211A,211B,211C,211D,211E,211F,2122,2123,2124,2125,2126,2127,2128,2129,212A,212B,212C,212D,212E,212F,2130,2131,2132,2133,2134,2135,2136,2137,2138,2139,213A,213B,213C,213D,213E,213F,2140,2141,2144,2145,2146,2147,2148,2149,214A,214B,214C,214D,214E,214F,2150,2151,2152,2153,2154,2155,2156,2157,2158,2159,215A,215B,215C,215D,215E,215F,2160,2161,2162,2163,2166,2167,2168,2169,216A,216B,216C,216D,216E,216F,2170,2171,2172,2173,2174,2175,2176,2177,2178,2179,217A,217B,217C,217D,217E,217F,2180,2181,2182,2183,2184,2185,2188,2189,218A,218B,218C,218D,218E,218F,2190,2191,2192,2193,2194,2195,2196,2197,2198,2199,219A,219B,219C,219D,219E,219F,21A0,21A1,21A2,21A3,21A4,21A5,21A6,21A7
20A7,20A6,20A5,20A4,20A3,20A2,20A1,20A0,209F,209E,209D,209C,209B,209A,2099,2098,2097,2096,2095,2094,2093,2092,2091,2090,208F,208E,208D,208C,208B,208A,2089,2088,2085,2084,2083,2082,2081,2080,207F,207E,207D,207C,207B,207A,2079,2078,2077,2076,2075,2074,2073,2072,2071,2070,206F,206E,206D,206C,206B,206A,2069,2068,2067,2066,2063,2062,2061,2060,205F,205E,205D,205C,205B,205A,2059,2058,2057,2056,2055,2054,2053,2052,2051,2050,204F,204E,204D,204C,204B,204A,2049,2048,2047,2046,2045,2044,2041,2040,203F,203E,203D,203C,203B,203A,2039,2038,2037,2036,2035,2034,2033,2032,2031,2030,202F,202E,202D,202C,202B,202A,2029,2028,2027,2026,2025,2024,2023,2022,201F,201E,201D,201C,201B,201A,2019,2018,2017,2016,2015,2014,2013,2012,2011,2010,200F,200E,200D,200C,200B,200A,2009,2008,2007,2006,2005,2004,2003,2002,2001,2000
1F00,1F01,1F02,1F03,1F04,1F05,1F06,1F07,1F08,1F09,1F0A,1F0B,1F0C,1F0D,1F0E,1F0F,1F10,1F11,1F12,1F13,1F14,1F15,1F16,1F17,1F18,1F19,1F1A,1F1B,1F1C,1F1D,1F1E,1F1F,1F22,1F23,1F24,1F25,1F26,1F27,1F28,1F29,1F2A,1F2B,1F2C,1F2D,1F2E,1F2F,1F30,1F31,1F32,1F33,1F34,1F35,1F36,1F37,1F38,1F39,1F3A,1F3B,1F3C,1F3D,1F3E,1F3F,1F40,1F41,1F44,1F45,1F46,1F47,1F48,1F49,1F4A,1F4B,1F4C,1F4D,1F4E,1F4F,1F50,1F51,1F52,1F53,1F54,1F55,1F56,1F57,1F58,1F59,1F5A,1F5B,1F5C,1F5D,1F5E,1F5F,1F60,1F61,1F62,1F63,1F66,1F67,1F68,1F69,1F6A,1F6B,1F6C,1F6D,1F6E,1F6F,1F70,1F71,1F72,1F73,1F74,1F75,1F76,1F77,1F78,1F79,1F7A,1F7B,1F7C,1F7D,1F7E,1F7F,1F80,1F81,1F82,1F83,1F84,1F85,1F88,1F89,1F8A,1F8B,1F8C,1F8D,1F8E,1F8F,1F90,1F91,1F92,1F93,1F94,1F95,1F96,1F97,1F98,1F99,1F9A,1F9B,1F9C,1F9D,1F9E,1F9F,1FA0,1FA1,1FA2,1FA3,1FA4,1FA5,1FA6,1FA7
1EA7,1EA6,1EA5,1EA4,1EA3,1EA2,1EA1,1EA0,1E9F,1E9E,1E9D,1E9C,1E9B,1E9A,1E99,1E98,1E97,1E96,1E95,1E94,1E93,1E92,1E91,1E90,1E8F,1E8E,1E8D,1E8C,1E8B,1E8A,1E89,1E88,1E85,1E84,1E83,1E82,1E81,1E80,1E7F,1E7E,1E7D,1E7C,1E7B,1E7A,1E79,1E78,1E77,1E76,1E75,1E74,1E73,1E72,1E71,1E70,1E6F,1E6E,1E6D,1E6C,1E6B,1E6A,1E69,1E68,1E67,1E66,1E63,1E62,1E61,1E60,1E5F,1E5E,1E5D,1E5C,1E5B,1E5A,1E59,1E58,1E57,1E56,1E55,1E54,1E53,1E52,1E51,1E50,1E4F,1E4E,1E4D,1E4C,1E4B,1E4A,1E49,1E48,1E47,1E46,1E45,1E44,1E41,1E40,1E3F,1E3E,1E3D,1E3C,1E3B,1E3A,1E39,1E38,1E37,1E36,1E35,1E34,1E33,1E32,1E31,1E30,1E2F,1E2E,1E2D,1E2C,1E2B,1E2A,1E29,1E28,1E27,1E26,1E25,1E24,1E23,1E22,1E1F,1E1E,1E1D,1E1C,1E1B,1E1A,1E19,1E18,1E17,1E16,1E15,1E14,1E13,1E12,1E11,1E10,1E0F,1E0E,1E0D,1E0C,1E0B,1E0A,1E09,1E08,1E07,1E06,1E05,1E04,1E03,1E02,1E01,1E00
1D00,1D01,1D02,1D03,1D04,1D05,1D06,1D07,1D08,1D09,1D0A,1D0B,1D0C,1D0D,1D0E,1D0F,1D10,1D11,1D12,1D13,1D14,1D15,1D16,1D17,1D18,1D19,1D1A,1D1B,1D1C,1D1D,1D1E,1D1F,1D22,1D23,1D24,1D25,1D26,1D27,1D28,1D29,1D2A,1D2B,1D2C,1D2D,1D2E,1D2F,1D30,1D31,1D32,1D33,1D34,1D35,1D36,1D37,1D38,1D39,1D3A,1D3B,1D3C,1D3D,1D3E,1D3F,1D40,1D41,1D44,1D45,1D46,1D47,1D48,1D49,1D4A,1D4B,1D4C,1D4D,1D4E,1D4F,1D50,1D51,1D52,1D53,1D54,1D55,1D56,1D57,1D58,1D59,1D5A,1D5B,1D5C,1D5D,1D5E,1D5F,1D60,1D61,1D62,1D63,1D66,1D67,1D68,1D69,1D6A,1D6B,1D6C,1D6D,1D6E,1D6F,1D70,1D71,1D72,1D73,1D74,1D75,1D76,1D77,1D78,1D79,1D7A,1D7B,1D7C,1D7D,1D7E,1D7F,1D80,1D81,1D82,1D83,1D84,1D85,1D88,1D89,1D8A,1D8B,1D8C,1D8D,1D8E,1D8F,1D90,1D91,1D92,1D93,1D94,1D95,1D96,1D97,1D98,1D99,1D9A,1D9B,1D9C,1D9D,1D9E,1D9F,1DA0,1DA1,1DA2,1DA3,1DA4,1DA5,1DA6,1DA7
1CA7,1CA6,1CA5,1CA4,1CA3,1CA2,1CA1,1CA0,1C9F,1C9E,1C9D,1C9C,1C9B,1C9A,1C99,1C98,1C97,1C96,1C95,1C94,1C93,1C92,1C91,1C90,1C8F,1C8E,1C8D,1C8C,1C8B,1C8A,1C89,1C88,1C85,1C84,1C83,1C82,1C81,1C80,1C7F,1C7E,1C7D,1C7C,1C7B,1C7A,1C79,1C78,1C77,1C76,1C75,1C74,1C73,1C72,1C71,1C70,1C6F,1C6E,1C6D,1C6C,1C6B,1C6A,1C69,1C68,1C67,1C66,1C63,1C62,1C61,1C60,1C5F,1C5E,1C5D,1C5C,1C5B,1C5A,1C59,1C58,1C57,1C56,1C55,1C54,1C53,1C52,1C51,1C50,1C4F,1C4E,1C4D,1C4C,1C4B,1C4A,1C49,1C48,1C47,1C46,1C45,1C44,1C41,1C40,1C3F,1C3E,1C3D,1C3C,1C3B,1C3A,1C39,1C38,1C37,1C36,1C35,1C34,1C33,1C32,1C31,1C30,1C2F,1C2E,1C2D,1C2C,1C2B,1C2A,1C29,1C28,1C27,1C26,1C25,1C24,1C23,1C22,1C1F,1C1E,1C1D,1C1C,1C1B,1C1A,1C19,1C18,1C17,1C16,1C15,1C14,1C13,1C12,1C11,1C10,1C0F,1C0E,1C0D,1C0C,1C0B,1C0A,1C09,1C08,1C07,1C06,1C05,1C04,1C03,1C02,1C01,1C00
1B00,1B01,1B02,1B03,1B04,1B05,1B06,1B07,1B08,1B09,1B0A,1B0B,1B0C,1B0D,1B0E,1B0F,1B10,1B11,1B12,1B13,1B14,1B15,1B16,1B17,1B18,1B19,1B1A,1B1B,1B1C,1B1D,1B1E,1B1F,1B22,1B23,1B24,1B25,1B26,1B27,1B28,1B29,1B2A,1B2B,1B2C,1B2D,1B2E,1B2F,1B30,1B31,1B32,1B33,1B34,1B35,1B36,1B37,1B38,1B39,1B3A,1B3B,1B3C,1B3D,1B3E,1B3F,1B40,1B41,1B44,1B45,1B46,1B47,1B48,1B49,1B4A,1B4B,1B4C,1B4D,1B4E,1B4F,1B50,1B51,1B52,1B53,1B54,1B55,1B56,1B57,1B58,1B59,1B5A,1B5B,1B5C,1B5D,1B5E,1B5F,1B60,1B61,1B62,1B63,1B66,1B67,1B68,1B69,1B6A,1B6B,1B6C,1B6D,1B6E,1B6F,1B70,1B71,1B72,1B73,1B74,1B75,1B76,1B77,1B78,1B79,1B7A,1B7B,1B7C,1B7D,1B7E,1B7F,1B80,1B81,1B82,1B83,1B84,1B85,1B88,1B89,1B8A,1B8B,1B8C,1B8D,1B8E,1B8F,1B90,1B91,1B92,1B93,1B94,1B95,1B96,1B97,1B98,1B99,1B9A,1B9B,1B9C,1B9D,1B9E,1B9F,1BA0,1BA1,1BA2,1BA3,1BA4,1BA5,1BA6,1BA7
1AA7,1AA6,1AA5,1AA4,1AA3,1AA2,1AA1,1AA0,1A9F,1A9E,1A9D,1A9C,1A9B,1A9A,1A99,1A98,1A97,1A96,1A95,1A94,1A93,1A92,1A91,1A90,1A8F,1A8E,1A8D,1A8C,1A8B,1A8A,1A89,1A88,1A85,1A84,1A83,1A82,1A81,1A80,1A7F,1A7E,1A7D,1A7C,1A7B,1A7A,1A79,1A78,1A77,1A76,1A75,1A74,1A73,1A72,1A71,1A70,1A6F,1A6E,1A6D,1A6C,1A6B,1A6A,1A69,1A68,1A67,1A66,1A63,1A62,1A61,1A60,1A5F,1A5E,1A5D,1A5C,1A5B,1A5A,1A59,1A58,1A57,1A56,1A55,1A54,1A53,1A52,1A51,1A50,1A4F,1A4E,1A4D,1A4C,1A4B,1A4A,1A49,1A48,1A47,1A46,1A45,1A44,1A41,1A40,1A3F,1A3E,1A3D,1A3C,1A3B,1A3A,1A39,1A38,1A37,1A36,1A35,1A34,1A33,1A32,1A31,1A30,1A2F,1A2E,1A2D,1A2C,1A2B,1A2A,1A29,1A28,1A27,1A26,1A25,1A24,1A23,1A22,1A1F,1A1E,1A1D,1A1C,1A1B,1A1A,1A19,1A18,1A17,1A16,1A15,1A14,1A13,1A12,1A11,1A10,1A0F,1A0E,1A0D,1A0C,1A0B,1A0A,1A09,1A08,1A07,1A06,1A05,1A04,1A03,1A02,1A01,1A00
1900,1901,1902,1903,1904,1905,1906,1907,1908,1909,190A,190B,190C,190D,190E,190F,1910,1911,1912,1913,1914,1915,1916,1917,1918,1919,191A,191B,191C,191D,191E,191F,1922,1923,1924,1925,1926,1927,1928,1929,192A,192B,192C,192D,192E,192F,1930,1931,1932,1933,1934,1935,1936,1937,1938,1939,193A,193B,193C,193D,193E,193F,1940,1941,1944,1945,1946,1947,1948,1949,194A,194B,194C,194D,194E,194F,1950,1951,1952,1953,1954,1955,1956,1957,1958,1959,195A,195B,195C,195D,195E,195F,1960,1961,1962,1963,1966,1967,1968,1969,196A,196B,196C,196D,196E,196F,1970,1971,1972,1973,1974,1975,1976,1977,1978,1979,197A,197B,197C,197D,197E,197F,1980,1981,1982,1983,1984,1985,1988,1989,198A,198B,198C,198D,198E,198F,1990,1991,1992,1993,1994,1995,1996,1997,1998,1999,199A,199B,199C,199D,199E,199F,19A0,19A1,19A2,19A3,19A4,19A5,19A6,19A7
18A7,18A6,18A5,18A4,18A3,18A2,18A1,18A0,189F,189E,189D,189C,189B,189A,1899,1898,1897,1896,1895,1894,1893,1892,1891,1890,188F,188E,188D,188C,188B,188A,1889,1888,1885,1884,1883,1882,1881,1880,187F,187E,187D,187C,187B,187A,1879,1878,1877,1876,1875,1874,1873,1872,1871,1870,186F,186E,186D,186C,186B,186A,1869,1868,1867,1866,1863,1862,1861,1860,185F,185E,185D,185C,185B,185A,1859,1858,1857,1856,1855,1854,1853,1852,1851,1850,184F,184E,184D,184C,184B,184A,1849,1848,1847,1846,1845,1844,1841,1840,183F,183E,183D,183C,183B,183A,1839,1838,1837,1836,1835,1834,1833,1832,1831,1830,182F,182E,182D,182C,182B,182A,1829,1828,1827,1826,1825,1824,1823,1822,181F,181E,181D,181C,181B,181A,1819,1818,1817,1816,1815,1814,1813,1812,1811,1810,180F,180E,180D,180C,180B,180A,1809,1808,1807,1806,1805,1804,1803,1802,1801,1800
1700,1701,1702,1703,1704,1705,1706,1707,1708,1709,170A,170B,170C,170D,170E,170F,1710,1711,1712,1713,1714,1715,1716,1717,1718,1719,171A,171B,171C,171D,171E,171F,1722,1723,1724,1725,1726,1727,1728,1729,172A,172B,172C,172D,172E,172F,1730,1731,1732,1733,1734,1735,1736,1737,1738,1739,173A,173B,173C,173D,173E,173F,1740,1741,1744,1745,1746,1747,1748,1749,174A,174B,174C,174D,174E,174F,1750,1751,1752,1753,1754,1755,1756,1757,1758,1759,175A,175B,175C,175D,175E,175F,1760,1761,1762,1763,1766,1767,1768,1769,176A,176B,176C,176D,176E,176F,1770,1771,1772,1773,1774,1775,1776,1777,1778,1779,177A,177B,177C,177D,177E,177F,1780,1781,1782,1783,1784,1785,1788,1789,178A,178B,178C,178D,178E,178F,1790,1791,1792,1793,1794,1795,1796,1797,1798,1799,179A,179B,179C,179D,179E,179F,17A0,17A1,17A2,17A3,17A4,17A5,17A6,17A7
16A7,16A6,16A5,16A4,16A3,16A2,16A1,16A0,169F,169E,169D,169C,169B,169A,1699,1698,1697,1696,1695,1694,1693,1692,1691,1690,168F,168E,168D,168C,168B,168A,1689,1688,1685,1684,1683,1682,1681,1680,167F,167E,167D,167C,167B,167A,1679,1678,1677,1676,1675,1674,1673,1672,1671,1670,166F,166E,166D,166C,166B,166A,1669,1668,1667,1666,1663,1662,1661,1660,165F,165E,165D,165C,165B,165A,1659,1658,1657,1656,1655,1654,1653,1652,1651,1650,164F,164E,164D,164C,164B,164A,1649,1648,1647,1646,1645,1644,1641,1640,163F,163E,163D,163C,163B,163A,1639,1638,1637,1636,1635,1634,1633,1632,1631,1630,162F,162E,162D,162C,162B,162A,1629,1628,1627,1626,1625,1624,1623,1622,161F,161E,161D,161C,161B,161A,1619,1618,1617,1616,1615,1614,1613,1612,1611,1610,160F,160E,160D,160C,160B,160A,1609,1608,1607,1606,1605,1604,1603,1602,1601,1600
1500,1501,1502,1503,1504,1505,1506,1507,1508,1509,150A,150B,150C,150D,150E,150F,1510,1511,1512,1513,1514,1515,1516,1517,1518,1519,151A,151B,151C,151D,151E,151F,1522,1523,1524,1525,1526,1527,1528,1529,152A,152B,152C,152D,152E,152F,1530,1531,1532,1533,1534,1535,1536,1537,1538,1539,153A,153B,153C,153D,153E,153F,1540,1541,1544,1545,1546,1547,1548,1549,154A,154B,154C,154D,154E,154F,1550,1551,1552,1553,1554,1555,1556,1557,1558,1559,155A,155B,155C,155D,155E,155F,1560,1561,1562,1563,1566,1567,1568,1569,156A,156B,156C,156D,156E,156F,1570,1571,1572,1573,1574,1575,1576,1577,1578,1579,157A,157B,157C,157D,157E,157F,1580,1581,1582,1583,1584,1585,1588,1589,158A,158B,158C,158D,158E,158F,1590,1591,1592,1593,1594,1595,1596,1597,1598,1599,159A,159B,159C,159D,159E,159F,15A0,15A1,15A2,15A3,15A4,15A5,15A6,15A7
14A7,14A6,14A5,14A4,14A3,14A2,14A1,14A0,149F,149E,149D,149C,149B,149A,1499,1498,1497,1496,1495,1494,1493,1492,1491,1490,148F,148E,148D,148C,148B,148A,1489,1488,1485,1484,1483,1482,1481,1480,147F,147E,147D,147C,147B,147A,1479,1478,1477,1476,1475,1474,1473,1472,1471,1470,146F,146E,146D,146C,146B,146A,1469,1468,1467,1466,1463,1462,1461,1460,145F,145E,145D,145C,145B,145A,1459,1458,1457,1456,1455,1454,1453,1452,1451,1450,144F,144E,144D,144C,144B,144A,1449,1448,1447,1446,1445,1444,1441,1440,143F,143E,143D,143C,143B,143A,1439,1438,1437,1436,1435,1434,1433,1432,1431,1430,142F,142E,142D,142C,142B,142A,1429,1428,1427,1426,1425,1424,1423,1422,141F,141E,141D,141C,141B,141A,1419,1418,1417,1416,1415,1414,1413,1412,1411,1410,140F,140E,140D,140C,140B,140A,1409,1408,1407,1406,1405,1404,1403,1402,1401,1400
1300,1301,1302,1303,1304,1305,1306,1307,1308,1309,130A,130B,130C,130D,130E,130F,1310,1311,1312,1313,1314,1315,1316,1317,1318,1319,131A,131B,131C,131D,131E,131F,1322,1323,1324,1325,1326,1327,1328,1329,132A,132B,132C,132D,132E,132F,1330,1331,1332,1333,1334,1335,1336,1337,1338,1339,133A,133B,133C,133D,133E,133F,1340,1341,1344,1345,1346,1347,1348,1349,134A,134B,134C,134D,134E,134F,1350,1351,1352,1353,1354,1355,1356,1357,1358,1359,135A,135B,135C,135D,135E,135F,1360,1361,1362,1363,1366,1367,1368,1369,136A,136B,136C,136D,136E,136F,1370,1371,1372,1373,1374,1375,1376,1377,1378,1379,137A,137B,137C,137D,137E,137F,1380,1381,1382,1383,1384,1385,1388,1389,138A,138B,138C,138D,138E,138F,1390,1391,1392,1393,1394,1395,1396,1397,1398,1399,139A,139B,139C,139D,139E,139F,13A0,13A1,13A2,13A3,13A4,13A5,13A6,13A7
12A7,12A6,12A5,12A4,12A3,12A2,12A1,12A0,129F,129E,129D,129C,129B,129A,1299,1298,1297,1296,1295,1294,1293,1292,1291,1290,128F,128E,128D,128C,128B,128A,1289,1288,1285,1284,1283,1282,1281,1280,127F,127E,127D,127C,127B,127A,1279,1278,1277,1276,1275,1274,1273,1272,1271,1270,126F,126E,126D,126C,126B,126A,1269,1268,1267,1266,1263,1262,1261,1260,125F,125E,125D,125C,125B,125A,1259,1258,1257,1256,1255,1254,1253,1252,1251,1250,124F,124E,124D,124C,124B,124A,1249,1248,1247,1246,1245,1244,1241,1240,123F,123E,123D,123C,123B,123A,1239,1238,1237,1236,1235,1234,1233,1232,1231,1230,122F,122E,122D,122C,122B,122A,1229,1228,1227,1226,1225,1224,1223,1222,121F,121E,121D,121C,121B,121A,1219,1218,1217,1216,1215,1214,1213,1212,1211,1210,120F,120E,120D,120C,120B,120A,1209,1208,1207,1206,1205,1204,1203,1202,1201,1200
1100,1101,1102,1103,1104,1105,1106,1107,1108,1109,110A,110B,110C,110D,110E,110F,1110,1111,1112,1113,1114,1115,1116,1117,1118,1119,111A,111B,111C,111D,111E,111F,1122,1123,1124,1125,1126,1127,1128,1129,112A,112B,112C,112D,112E,112F,1130,1131,1132,1133,1134,1135,1136,1137,1138,1139,113A,113B,113C,113D,113E,113F,1140,1141,1144,1145,1146,1147,1148,1149,114A,114B,114C,114D,114E,114F,1150,1151,1152,1153,1154,1155,1156,1157,1158,1159,115A,115B,115C,115D,115E,115F,1160,1161,1162,1163,1166,1167,1168,1169,116A,116B,116C,116D,116E,116F,1170,1171,1172,1173,1174,1175,1176,1177,1178,1179,117A,117B,117C,117D,117E,117F,1180,1181,1182,1183,1184,1185,1188,1189,118A,118B,118C,118D,118E,118F,1190,1191,1192,1193,1194,1195,1196,1197,1198,1199,119A,119B,119C,119D,119E,119F,11A0,11A1,11A2,11A3,11A4,11A5,11A6,11A7
10A7,10A6,10A5,10A4,10A3,10A2,10A1,10A0,109F,109E,109D,109C,109B,109A,1099,1098,1097,1096,1095,1094,1093,1092,1091,1090,108F,108E,108D,108C,108B,108A,1089,1088,1085,1084,1083,1082,1081,1080,107F,107E,107D,107C,107B,107A,1079,1078,1077,1076,1075,1074,1073,1072,1071,1070,106F,106E,106D,106C,106B,106A,1069,1068,1067,1066,1063,1062,1061,1060,105F,105E,105D,105C,105B,105A,1059,1058,1057,1056,1055,1054,1053,1052,1051,1050,104F,104E,104D,104C,104B,104A,1049,1048,1047,1046,1045,1044,1041,1040,103F,103E,103D,103C,103B,103A,1039,1038,1037,1036,1035,1034,1033,1032,1031,1030,102F,102E,102D,102C,102B,102A,1029,1028,1027,1026,1025,1024,1023,1022,101F,101E,101D,101C,101B,101A,1019,1018,1017,1016,1015,1014,1013,1012,1011,1010,100F,100E,100D,100C,100B,100A,1009,1008,1007,1006,1005,1004,1003,1002,1001,1000
0F00,0F01,0F02,0F03,0F04,0F05,0F06,0F07,0F08,0F09,0F0A,0F0B,0F0C,0F0D,0F0E,0F0F,0F10,0F11,0F12,0F13,0F14,0F15,0F16,0F17,0F18,0F19,0F1A,0F1B,0F1C,0F1D,0F1E,0F1F,0F22,0F23,0F24,0F25,0F26,0F27,0F28,0F29,0F2A,0F2B,0F2C,0F2D,0F2E,0F2F,0F30,0F31,0F32,0F33,0F34,0F35,0F36,0F37,0F38,0F39,0F3A,0F3B,0F3C,0F3D,0F3E,0F3F,0F40,0F41,0F44,0F45,0F46,0F47,0F48,0F49,0F4A,0F4B,0F4C,0F4D,0F4E,0F4F,0F50,0F51,0F52,0F53,0F54,0F55,0F56,0F57,0F58,0F59,0F5A,0F5B,0F5C,0F5D,0F5E,0F5F,0F60,0F61,0F62,0F63,0F66,0F67,0F68,0F69,0F6A,0F6B,0F6C,0F6D,0F6E,0F6F,0F70,0F71,0F72,0F73,0F74,0F75,0F76,0F77,0F78,0F79,0F7A,0F7B,0F7C,0F7D,0F7E,0F7F,0F80,0F81,0F82,0F83,0F84,0F85,0F88,0F89,0F8A,0F8B,0F8C,0F8D,0F8E,0F8F,0F90,0F91,0F92,0F93,0F94,0F95,0F96,0F97,0F98,0F99,0F9A,0F9B,0F9C,0F9D,0F9E,0F9F,0FA0,0FA1,0FA2,0FA3,0FA4,0FA5,0FA6,0FA7
0EA7,0EA6,0EA5,0EA4,0EA3,0EA2,0EA1,0EA0,0E9F,0E9E,0E9D,0E9C,0E9B,0E9A,0E99,0E98,0E97,0E96,0E95,0E94,0E93,0E92,0E91,0E90,0E8F,0E8E,0E8D,0E8C,0E8B,0E8A,0E89,0E88,0E85,0E84,0E83,0E82,0E81,0E80,0E7F,0E7E,0E7D,0E7C,0E7B,0E7A,0E79,0E78,0E77,0E76,0E75,0E74,0E73,0E72,0E71,0E70,0E6F,0E6E,0E6D,0E6C,0E6B,0E6A,0E69,0E68,0E67,0E66,0E63,0E62,0E61,0E60,0E5F,0E5E,0E5D,0E5C,0E5B,0E5A,0E59,0E58,0E57,0E56,0E55,0E54,0E53,0E52,0E51,0E50,0E4F,0E4E,0E4D,0E4C,0E4B,0E4A,0E49,0E48,0E47,0E46,0E45,0E44,0E41,0E40,0E3F,0E3E,0E3D,0E3C,0E3B,0E3A,0E39,0E38,0E37,0E36,0E35,0E34,0E33,0E32,0E31,0E30,0E2F,0E2E,0E2D,0E2C,0E2B,0E2A,0E29,0E28,0E27,0E26,0E25,0E24,0E23,0E22,0E1F,0E1E,0E1D,0E1C,0E1B,0E1A,0E19,0E18,0E17,0E16,0E15,0E14,0E13,0E12,0E11,0E10,0E0F,0E0E,0E0D,0E0C,0E0B,0E0A,0E09,0E08,0E07,0E06,0E05,0E04,0E03,0E02,0E01,0E00
0D00,0D01,0D02,0D03,0D04,0D05,0D06,0D07,0D08,0D09,0D0A,0D0B,0D0C,0D0D,0D0E,0D0F,0D10,0D11,0D12,0D13,0D14,0D15,0D16,0D17,0D18,0D19,0D1A,0D1B,0D1C,0D1D,0D1E,0D1F,0D22,0D23,0D24,0D25,0D26,0D27,0D28,0D29,0D2A,0D2B,0D2C,0D2D,0D2E,0D2F,0D30,0D31,0D32,0D33,0D34,0D35,0D36,0D37,0D38,0D39,0D3A,0D3B,0D3C,0D3D,0D3E,0D3F,0D40,0D41,0D44,0D45,0D46,0D47,0D48,0D49,0D4A,0D4B,0D4C,0D4D,0D4E,0D4F,0D50,0D51,0D52,0D53,0D54,0D55,0D56,0D57,0D58,0D59,0D5A,0D5B,0D5C,0D5D,0D5E,0D5F,0D60,0D61,0D62,0D63,0D66,0D67,0D68,0D69,0D6A,0D6B,0D6C,0D6D,0D6E,0D6F,0D70,0D71,0D72,0D73,0D74,0D75,0D76,0D77,0D78,0D79,0D7A,0D7B,0D7C,0D7D,0D7E,0D7F,0D80,0D81,0D82,0D83,0D84,0D85,0D88,0D89,0D8A,0D8B,0D8C,0D8D,0D8E,0D8F,0D90,0D91,0D92,0D93,0D94,0D95,0D96,0D97,0D98,0D99,0D9A,0D9B,0D9C,0D9D,0D9E,0D9F,0DA0,0DA1,0DA2,0DA3,0DA4,0DA5,0DA6,0DA7
0CA7,0CA6,0CA5,0CA4,0CA3,0CA2,0CA1,0CA0,0C9F,0C9E,0C9D,0C9C,0C9B,0C9A,0C99,0C98,0C97,0C96,0C95,0C94,0C93,0C92,0C91,0C90,0C8F,0C8E,0C8D,0C8C,0C8B,0C8A,0C89,0C88,0C85,0C84,0C83,0C82,0C81,0C80,0C7F,0C7E,0C7D,0C7C,0C7B,0C7A,0C79,0C78,0C77,0C76,0C75,0C74,0C73,0C72,0C71,0C70,0C6F,0C6E,0C6D,0C6C,0C6B,0C6A,0C69,0C68,0C67,0C66,0C63,0C62,0C61,0C60,0C5F,0C5E,0C5D,0C5C,0C5B,0C5A,0C59,0C58,0C57,0C56,0C55,0C54,0C53,0C52,0C51,0C50,0C4F,0C4E,0C4D,0C4C,0C4B,0C4A,0C49,0C48,0C47,0C46,0C45,0C44,0C41,0C40,0C3F,0C3E,0C3D,0C3C,0C3B,0C3A,0C39,0C38,0C37,0C36,0C35,0C34,0C33,0C32,0C31,0C30,0C2F,0C2E,0C2D,0C2C,0C2B,0C2A,0C29,0C28,0C27,0C26,0C25,0C24,0C23,0C22,0C1F,0C1E,0C1D,0C1C,0C1B,0C1A,0C19,0C18,0C17,0C16,0C15,0C14,0C13,0C12,0C11,0C10,0C0F,0C0E,0C0D,0C0C,0C0B,0C0A,0C09,0C08,0C07,0C06,0C05,0C04,0C03,0C02,0C01,0C00
0B00,0B01,0B02,0B03,0B04,0B05,0B06,0B07,0B08,0B09,0B0A,0B0B,0B0C,0B0D,0B0E,0B0F,0B10,0B11,0B12,0B13,0B14,0B15,0B16,0B17,0B18,0B19,0B1A,0B1B,0B1C,0B1D,0B1E,0B1F,0B22,0B23,0B24,0B25,0B26,0B27,0B28,0B29,0B2A,0B2B,0B2C,0B2D,0B2E,0B2F,0B30,0B31,0B32,0B33,0B34,0B35,0B36,0B37,0B38,0B39,0B3A,0B3B,0B3C,0B3D,0B3E,0B3F,0B40,0B41,0B44,0B45,0B46,0B47,0B48,0B49,0B4A,0B4B,0B4C,0B4D,0B4E,0B4F,0B50,0B51,0B52,0B53,0B54,0B55,0B56,0B57,0B58,0B59,0B5A,0B5B,0B5C,0B5D,0B5E,0B5F,0B60,0B61,0B62,0B63,0B66,0B67,0B68,0B69,0B6A,0B6B,0B6C,0B6D,0B6E,0B6F,0B70,0B71,0B72,0B73,0B74,0B75,0B76,0B77,0B78,0B79,0B7A,0B7B,0B7C,0B7D,0B7E,0B7F,0B80,0B81,0B82,0B83,0B84,0B85,0B88,0B89,0B8A,0B8B,0B8C,0B8D,0B8E,0B8F,0B90,0B91,0B92,0B93,0B94,0B95,0B96,0B97,0B98,0B99,0B9A,0B9B,0B9C,0B9D,0B9E,0B9F,0BA0,0BA1,0BA2,0BA3,0BA4,0BA5,0BA6,0BA7
0AA7,0AA6,0AA5,0AA4,0AA3,0AA2,0AA1,0AA0,0A9F,0A9E,0A9D,0A9C,0A9B,0A9A,0A99,0A98,0A97,0A96,0A95,0A94,0A93,0A92,0A91,0A90,0A8F,0A8E,0A8D,0A8C,0A8B,0A8A,0A89,0A88,0A85,0A84,0A83,0A82,0A81,0A80,0A7F,0A7E,0A7D,0A7C,0A7B,0A7A,0A79,0A78,0A77,0A76,0A75,0A74,0A73,0A72,0A71,0A70,0A6F,0A6E,0A6D,0A6C,0A6B,0A6A,0A69,0A68,0A67,0A66,0A63,0A62,0A61,0A60,0A5F,0A5E,0A5D,0A5C,0A5B,0A5A,0A59,0A58,0A57,0A56,0A55,0A54,0A53,0A52,0A51,0A50,0A4F,0A4E,0A4D,0A4C,0A4B,0A4A,0A49,0A48,0A47,0A46,0A45,0A44,0A41,0A40,0A3F,0A3E,0A3D,0A3C,0A3B,0A3A,0A39,0A38,0A37,0A36,0A35,0A34,0A33,0A32,0A31,0A30,0A2F,0A2E,0A2D,0A2C,0A2B,0A2A,0A29,0A28,0A27,0A26,0A25,0A24,0A23,0A22,0A1F,0A1E,0A1D,0A1C,0A1B,0A1A,0A19,0A18,0A17,0A16,0A15,0A14,0A13,0A12,0A11,0A10,0A0F,0A0E,0A0D,0A0C,0A0B,0A0A,0A09,0A08,0A07,0A06,0A05,0A04,0A03,0A02,0A01,0A00
0900,0901,0902,0903,0904,0905,0906,0907,0908,0909,090A,090B,090C,090D,090E,090F,0910,0911,0912,0913,0914,0915,0916,0917,0918,0919,091A,091B,091C,091D,091E,091F,0922,0923,0924,0925,0926,0927,0928,0929,092A,092B,092C,092D,092E,092F,0930,0931,0932,0933,0934,0935,0936,0937,0938,0939,093A,093B,093C,093D,093E,093F,0940,0941,0944,0945,0946,0947,0948,0949,094A,094B,094C,094D,094E,094F,0950,0951,0952,0953,0954,0955,0956,0957,0958,0959,095A,095B,095C,095D,095E,095F,0960,0961,0962,0963,0966,0967,0968,0969,096A,096B,096C,096D,096E,096F,0970,0971,0972,0973,0974,0975,0976,0977,0978,0979,097A,097B,097C,097D,097E,097F,0980,0981,0982,0983,0984,0985,0988,0989,098A,098B,098C,098D,098E,098F,0990,0991,0992,0993,0994,0995,0996,0997,0998,0999,099A,099B,099C,099D,099E,099F,09A0,09A1,09A2,09A3,09A4,09A5,09A6,09A7
08A7,08A6,08A5,08A4,08A3,08A2,08A1,08A0,089F,089E,089D,089C,089B,089A,0899,0898,0897,0896,0895,0894,0893,0892,0891,0890,088F,088E,088D,088C,088B,088A,0889,0888,0885,0884,0883,0882,0881,0880,087F,087E,087D,087C,087B,087A,0879,0878,0877,0876,0875,0874,0873,0872,0871,0870,086F,086E,086D,086C,086B,086A,0869,0868,0867,0866,0863,0862,0861,0860,085F,085E,085D,085C,085B,085A,0859,0858,0857,0856,0855,0854,0853,0852,0851,0850,084F,084E,084D,084C,084B,084A,0849,0848,0847,0846,0845,0844,0841,0840,083F,083E,083D,083C,083B,083A,0839,0838,0837,0836,0835,0834,0833,0832,0831,0830,082F,082E,082D,082C,082B,082A,0829,0828,0827,0826,0825,0824,0823,0822,081F,081E,081D,081C,081B,081A,0819,0818,0817,0816,0815,0814,0813,0812,0811,0810,080F,080E,080D,080C,080B,080A,0809,0808,0807,0806,0805,0804,0803,0802,0801,0800
0700,0701,0702,0703,0704,0705,0706,0707,0708,0709,070A,070B,070C,070D,070E,070F,0710,0711,0712,0713,0714,0715,0716,0717,0718,0719,071A,071B,071C,071D,071E,071F,0722,0723,0724,0725,0726,0727,0728,0729,072A,072B,072C,072D,072E,072F,0730,0731,0732,0733,0734,0735,0736,0737,0738,0739,073A,073B,073C,073D,073E,073F,0740,0741,0744,0745,0746,0747,0748,0749,074A,074B,074C,074D,074E,074F,0750,0751,0752,0753,0754,0755,0756,0757,0758,0759,075A,075B,075C,075D,075E,075F,0760,0761,0762,0763,0766,0767,0768,0769,076A,076B,076C,076D,076E,076F,0770,0771,0772,0773,0774,0775,0776,0777,0778,0779,077A,077B,077C,077D,077E,077F,0780,0781,0782,0783,0784,0785,0788,0789,078A,078B,078C,078D,078E,078F,0790,0791,0792,0793,0794,0795,0796,0797,0798,0799,079A,079B,079C,079D,079E,079F,07A0,07A1,07A2,07A3,07A4,07A5,07A6,07A7
06A7,06A6,06A5,06A4,06A3,06A2,06A1,06A0,069F,069E,069D,069C,069B,069A,0699,0698,0697,0696,0695,0694,0693,0692,0691,0690,068F,068E,068D,068C,068B,068A,0689,0688,0685,0684,0683,0682,0681,0680,067F,067E,067D,067C,067B,067A,0679,0678,0677,0676,0675,0674,0673,0672,0671,0670,066F,066E,066D,066C,066B,066A,0669,0668,0667,0666,0663,0662,0661,0660,065F,065E,065D,065C,065B,065A,0659,0658,0657,0656,0655,0654,0653,0652,0651,0650,064F,064E,064D,064C,064B,064A,0649,0648,0647,0646,0645,0644,0641,0640,063F,063E,063D,063C,063B,063A,0639,0638,0637,0636,0635,0634,0633,0632,0631,0630,062F,062E,062D,062C,062B,062A,0629,0628,0627,0626,0625,0624,0623,0622,061F,061E,061D,061C,061B,061A,0619,0618,0617,0616,0615,0614,0613,0612,0611,0610,060F,060E,060D,060C,060B,060A,0609,0608,0607,0606,0605,0604,0603,0602,0601,0600
0500,0501,0502,0503,0504,0505,0506,0507,0508,0509,050A,050B,050C,050D,050E,050F,0510,0511,0512,0513,0514,0515,0516,0517,0518,0519,051A,051B,051C,051D,051E,051F,0522,0523,0524,0525,0526,0527,0528,0529,052A,052B,052C,052D,052E,052F,0530,0531,0532,0533,0534,0535,0536,0537,0538,0539,053A,053B,053C,053D,053E,053F,0540,0541,0544,0545,0546,0547,0548,0549,054A,054B,054C,054D,054E,054F,0550,0551,0552,0553,0554,0555,0556,0557,0558,0559,055A,055B,055C,055D,055E,055F,0560,0561,0562,0563,0566,0567,0568,0569,056A,056B,056C,056D,056E,056F,0570,0571,0572,0573,0574,0575,0576,0577,0578,0579,057A,057B,057C,057D,057E,057F,0580,0581,0582,0583,0584,0585,0588,0589,058A,058B,058C,058D,058E,058F,0590,0591,0592,0593,0594,0595,0596,0597,0598,0599,059A,059B,059C,059D,059E,059F,05A0,05A1,05A2,05A3,05A4,05A5,05A6,05A7
04A7,04A6,04A5,04A4,04A3,04A2,04A1,04A0,049F,049E,049D,049C,049B,049A,0499,0498,0497,0496,0495,0494,0493,0492,0491,0490,048F,048E,048D,048C,048B,048A,0489,0488,0485,0484,0483,0482,0481,0480,047F,047E,047D,047C,047B,047A,0479,0478,0477,0476,0475,0474,0473,0472,0471,0470,046F,046E,046D,046C,046B,046A,0469,0468,0467,0466,0463,0462,0461,0460,045F,045E,045D,045C,045B,045A,0459,0458,0457,0456,0455,0454,0453,0452,0451,0450,044F,044E,044D,044C,044B,044A,0449,0448,0447,0446,0445,0444,0441,0440,043F,043E,043D,043C,043B,043A,0439,0438,0437,0436,0435,0434,0433,0432,0431,0430,042F,042E,042D,042C,042B,042A,0429,0428,0427,0426,0425,0424,0423,0422,041F,041E,041D,041C,041B,041A,0419,0418,0417,0416,0415,0414,0413,0412,0411,0410,040F,040E,040D,040C,040B,040A,0409,0408,0407,0406,0405,0404,0403,0402,0401,0400
0300,0301,0302,0303,0304,0305,0306,0307,0308,0309,030A,030B,030C,030D,030E,030F,0310,0311,0312,0313,0314,0315,0316,0317,0318,0319,031A,031B,031C,031D,031E,031F,0322,0323,0324,0325,0326,0327,0328,0329,032A,032B,032C,032D,032E,032F,0330,0331,0332,0333,0334,0335,0336,0337,0338,0339,033A,033B,033C,033D,033E,033F,0340,0341,0344,0345,0346,0347,0348,0349,034A,034B,034C,034D,034E,034F,0350,0351,0352,0353,0354,0355,0356,0357,0358,0359,035A,035B,035C,035D,035E,035F,0360,0361,0362,0363,0366,0367,0368,0369,036A,036B,036C,036D,036E,036F,0370,0371,0372,0373,0374,0375,0376,0377,0378,0379,037A,037B,037C,037D,037E,037F,0380,0381,0382,0383,0384,0385,0388,0389,038A,038B,038C,038D,038E,038F,0390,0391,0392,0393,0394,0395,0396,0397,0398,0399,039A,039B,039C,039D,039E,039F,03A0,03A1,03A2,03A3,03A4,03A5,03A6,03A7
02A7,02A6,02A5,02A4,02A3,02A2,02A1,02A0,029F,029E,029D,029C,029B,029A,0299,0298,0297,0296,0295,0294,0293,0292,0291,0290,028F,028E,028D,028C,028B,028A,0289,0288,0285,0284,0283,0282,0281,0280,027F,027E,027D,027C,027B,027A,0279,0278,0277,0276,0275,0274,0273,0272,0271,0270,026F,026E,026D,026C,026B,026A,0269,0268,0267,0266,0263,0262,0261,0260,025F,025E,025D,025C,025B,025A,0259,0258,0257,0256,0255,0254,0253,0252,0251,0250,024F,024E,024D,024C,024B,024A,0249,0248,0247,0246,0245,0244,0241,0240,023F,023E,023D,023C,023B,023A,0239,0238,0237,0236,0235,0234,0233,0232,0231,0230,022F,022E,022D,022C,022B,022A,0229,0228,0227,0226,0225,0224,0223,0222,021F,021E,021D,021C,021B,021A,0219,0218,0217,0216,0215,0214,0213,0212,0211,0210,020F,020E,020D,020C,020B,020A,0209,0208,0207,0206,0205,0204,0203,0202,0201,0200
0100,0101,0102,0103,0104,0105,0106,0107,0108,0109,010A,010B,010C,010D,010E,010F,0110,0111,0112,0113,0114,0115,0116,0117,0118,0119,011A,011B,011C,011D,011E,011F,0122,0123,0124,0125,0126,0127,0128,0129,012A,012B,012C,012D,012E,012F,0130,0131,0132,0133,0134,0135,0136,0137,0138,0139,013A,013B,013C,013D,013E,013F,0140,0141,0144,0145,0146,0147,0148,0149,014A,014B,014C,014D,014E,014F,0150,0151,0152,0153,0154,0155,0156,0157,0158,0159,015A,015B,015C,015D,015E,015F,0160,0161,0162,0163,0166,0167,0168,0169,016A,016B,016C,016D,016E,016F,0170,0171,0172,0173,0174,0175,0176,0177,0178,0179,017A,017B,017C,017D,017E,017F,0180,0181,0182,0183,0184,0185,0188,0189,018A,018B,018C,018D,018E,018F,0190,0191,0192,0193,0194,0195,0196,0197,0198,0199,019A,019B,019C,019D,019E,019F,01A0,01A1,01A2,01A3,01A4,01A5,01A6,01A7
00A7,00A6,00A5,00A4,00A3,00A2,00A1,00A0,009F,009E,009D,009C,009B,009A,0099,0098,0097,0096,0095,0094,0093,0092,0091,0090,008F,008E,008D,008C,008B,008A,0089,0088,0085,0084,0083,0082,0081,0080,007F,007E,007D,007C,007B,007A,0079,0078,0077,0076,0075,0074,0073,0072,0071,0070,006F,006E,006D,006C,006B,006A,0069,0068,0067,0066,0063,0062,0061,0060,005F,005E,005D,005C,005B,005A,0059,0058,0057,0056,0055,0054,0053,0052,0051,0050,004F,004E,004D,004C,004B,004A,0049,0048,0047,0046,0045,0044,0041,0040,003F,003E,003D,003C,003B,003A,0039,0038,0037,0036,0035,0034,0033,0032,0031,0030,002F,002E,002D,002C,002B,002A,0029,0028,0027,0026,0025,0024,0023,0022,001F,001E,001D,001C,001B,001A,0019,0018,0017,0016,0015,0014,0013,0012,0011,0010,000F,000E,000D,000C,000B,000A,0009,0008,0007,0006,0005,0004,0003,0002,0001,0000