3500,3501,3502,3503,3504,3505,3506,3507,3508,3509,350A,350B,350C,350D,350E,350F,3510,3511,3512,3513,3514,3515,3516,3517,3518,3519,351A,351B,351C,351D,351E,351F,
34A7,34A6,34A5,34A4,34A3,34A2,34A1,34A0,349F,349E,349D,349C,349B,349A,3499,3498,3497,3496,3495,3494,3493,3492,3491,3490,348F,348E,348D,348C,348B,348A,3489,3488,
3300,3301,3302,3303,3304,3305,3306,3307,3308,3309,330A,330B,330C,330D,330E,330F,3310,3311,3312,3313,3314,3315,3316,3317,3318,3319,331A,331B,331C,331D,331E,331F,
32A7,32A6,32A5,32A4,32A3,32A2,32A1,32A0,329F,329E,329D,329C,329B,329A,3299,3298,3297,3296,3295,3294,3293,3292,3291,3290,328F,328E,328D,328C,328B,328A,3289,3288,
3100,3101,3102,3103,3104,3105,3106,3107,3108,3109,310A,310B,310C,310D,310E,310F,3110,3111,3112,3113,3114,3115,3116,3117,3118,3119,311A,311B,311C,311D,311E,311F,
30A7,30A6,30A5,30A4,30A3,30A2,30A1,30A0,309F,309E,309D,309C,309B,309A,3099,3098,3097,3096,3095,3094,3093,3092,3091,3090,308F,308E,308D,308C,308B,308A,3089,3088,
2F00,2F01,2F02,2F03,2F04,2F05,2F06,2F07,2F08,2F09,2F0A,2F0B,2F0C,2F0D,2F0E,2F0F,2F10,2F11,2F12,2F13,2F14,2F15,2F16,2F17,2F18,2F19,2F1A,2F1B,2F1C,2F1D,2F1E,2F1F,
2EA7,2EA6,2EA5,2EA4,2EA3,2EA2,2EA1,2EA0,2E9F,2E9E,2E9D,2E9C,2E9B,2E9A,2E99,2E98,2E97,2E96,2E95,2E94,2E93,2E92,2E91,2E90,2E8F,2E8E,2E8D,2E8C,2E8B,2E8A,2E89,2E88,
2D00,2D01,2D02,2D03,2D04,2D05,2D06,2D07,2D08,2D09,2D0A,2D0B,2D0C,2D0D,2D0E,2D0F,2D10,2D11,2D12,2D13,2D14,2D15,2D16,2D17,2D18,2D19,2D1A,2D1B,2D1C,2D1D,2D1E,2D1F,
2CA7,2CA6,2CA5,2CA4,2CA3,2CA2,2CA1,2CA0,2C9F,2C9E,2C9D,2C9C,2C9B,2C9A,2C99,2C98,2C97,2C96,2C95,2C94,2C93,2C92,2C91,2C90,2C8F,2C8E,2C8D,2C8C,2C8B,2C8A,2C89,2C88,
2B00,2B01,2B02,2B03,2B04,2B05,2B06,2B07,2B08,2B09,2B0A,2B0B,2B0C,2B0D,2B0E,2B0F,2B10,2B11,2B12,2B13,2B14,2B15,2B16,2B17,2B18,2B19,2B1A,2B1B,2B1C,2B1D,2B1E,2B1F,
2AA7,2AA6,2AA5,2AA4,2AA3,2AA2,2AA1,2AA0,2A9F,2A9E,2A9D,2A9C,2A9B,2A9A,2A99,2A98,2A97,2A96,2A95,2A94,2A93,2A92,2A91,2A90,2A8F,2A8E,2A8D,2A8C,2A8B,2A8A,2A89,2A88,
2900,2901,2902,2903,2904,2905,2906,2907,2908,2909,290A,290B,290C,290D,290E,290F,2910,2911,2912,2913,2914,2915,2916,2917,2918,2919,291A,291B,291C,291D,291E,291F,
28A7,28A6,28A5,28A4,28A3,28A2,28A1,28A0,289F,289E,289D,289C,289B,289A,2899,2898,2897,2896,2895,2894,2893,2892,2891,2890,288F,288E,288D,288C,288B,288A,2889,2888,
2700,2701,2702,2703,2704,2705,2706,2707,2708,2709,270A,270B,270C,270D,270E,270F,2710,2711,2712,2713,2714,2715,2716,2717,2718,2719,271A,271B,271C,271D,271E,271F,
26A7,26A6,26A5,26A4,26A3,26A2,26A1,26A0,269F,269E,269D,269C,269B,269A,2699,2698,2697,2696,2695,2694,2693,2692,2691,2690,268F,268E,268D,268C,268B,268A,2689,2688,
2500,2501,2502,2503,2504,2505,2506,2507,2508,2509,250A,250B,250C,250D,250E,250F,2510,2511,2512,2513,2514,2515,2516,2517,2518,2519,251A,251B,251C,251D,251E,251F,
24A7,24A6,24A5,24A4,24A3,24A2,24A1,24A0,249F,249E,249D,249C,249B,249A,2499,2498,2497,2496,2495,2494,2493,2492,2491,2490,248F,248E,248D,248C,248B,248A,2489,2488,
2300,2301,2302,2303,2304,2305,2306,2307,2308,2309,230A,230B,230C,230D,230E,230F,2310,2311,2312,2313,2314,2315,2316,2317,2318,2319,231A,231B,231C,231D,231E,231F,
22A7,22A6,22A5,22A4,22A3,22A2,22A1,22A0,229F,229E,229D,229C,229B,229A,2299,2298,2297,2296,2295,2294,2293,2292,2291,2290,228F,228E,228D,228C,228B,228A,2289,2288,
2100,2101,2102,2103,2104,2105,2106,2107,2108,2109,210A,210B,210C,210D,210E,210F,2110,2111,2112,2113,2114,2115,2116,2117,2118,2119,211A,211B,211C,211D,211E,211F,
20A7,20A6,20A5,20A4,20A3,20A2,20A1,20A0,209F,209E,209D,209C,209B,209A,2099,2098,2097,2096,2095,2094,2093,2092,2091,2090,208F,208E,208D,208C,208B,208A,2089,2088,
1F00,1F01,1F02,1F03,1F04,1F05,1F06,1F07,1F08,1F09,1F0A,1F0B,1F0C,1F0D,1F0E,1F0F,1F10,1F11,1F12,1F13,1F14,1F15,1F16,1F17,1F18,1F19,1F1A,1F1B,1F1C,1F1D,1F1E,1F1F,
1EA7,1EA6,1EA5,1EA4,1EA3,1EA2,1EA1,1EA0,1E9F,1E9E,1E9D,1E9C,1E9B,1E9A,1E99,1E98,1E97,1E96,1E95,1E94,1E93,1E92,1E91,1E90,1E8F,1E8E,1E8D,1E8C,1E8B,1E8A,1E89,1E88,
1D00,1D01,1D02,1D03,1D04,1D05,1D06,1D07,1D08,1D09,1D0A,1D0B,1D0C,1D0D,1D0E,1D0F,1D10,1D11,1D12,1D13,1D14,1D15,1D16,1D17,1D18,1D19,1D1A,1D1B,1D1C,1D1D,1D1E,1D1F,
1CA7,1CA6,1CA5,1CA4,1CA3,1CA2,1CA1,1CA0,1C9F,1C9E,1C9D,1C9C,1C9B,1C9A,1C99,1C98,1C97,1C96,1C95,1C94,1C93,1C92,1C91,1C90,1C8F,1C8E,1C8D,1C8C,1C8B,1C8A,1C89,1C88,
1B00,1B01,1B02,1B03,1B04,1B05,1B06,1B07,1B08,1B09,1B0A,1B0B,1B0C,1B0D,1B0E,1B0F,1B10,1B11,1B12,1B13,1B14,1B15,1B16,1B17,1B18,1B19,1B1A,1B1B,1B1C,1B1D,1B1E,1B1F,
1AA7,1AA6,1AA5,1AA4,1AA3,1AA2,1AA1,1AA0,1A9F,1A9E,1A9D,1A9C,1A9B,1A9A,1A99,1A98,1A97,1A96,1A95,1A94,1A93,1A92,1A91,1A90,1A8F,1A8E,1A8D,1A8C,1A8B,1A8A,1A89,1A88,
1900,1901,1902,1903,1904,1905,1906,1907,1908,1909,190A,190B,190C,190D,190E,190F,1910,1911,1912,1913,1914,1915,1916,1917,1918,1919,191A,191B,191C,191D,191E,191F,
18A7,18A6,18A5,18A4,18A3,18A2,18A1,18A0,189F,189E,189D,189C,189B,189A,1899,1898,1897,1896,1895,1894,1893,1892,1891,1890,188F,188E,188D,188C,188B,188A,1889,1888,
1700,1701,1702,1703,1704,1705,1706,1707,1708,1709,170A,170B,170C,170D,170E,170F,1710,1711,1712,1713,1714,1715,1716,1717,1718,1719,171A,171B,171C,171D,171E,171F,
16A7,16A6,16A5,16A4,16A3,16A2,16A1,16A0,169F,169E,169D,169C,169B,169A,1699,1698,1697,1696,1695,1694,1693,1692,1691,1690,168F,168E,168D,168C,168B,168A,1689,1688,